Title,Media URL,Pinterest board,Thumbnail,Description,Link,Publish date,Keywords
洗えるパンチング リボンパンプス (レディース 女性用 パンプス 靴 シューズ おしゃれ クロール バリエ ローヒール 履きやすい )｜2026春夏新作・新色・3E クロールバリエ,https://www.bath-ec.com/pinterest/img/344216bl.jpg,洗えるパンプス,,洗えるパンチング リボンパンプス (レディース 女性用 パンプス 靴 シューズ おしゃれ クロール バリエ ローヒール 履きやすい )。2026春夏新作・新色・3E・幅広・甲高・軽い・柔らかい・ムレない・歩きやすい・痛くない。 クロールバリエ パンチング リボンパンプス 汚れたら洗濯機で丸洗いできる、ウォッシャブルシューズ「COULEUR VARIE（クロールバリエ）」。 百貨店・直営店でも定番の人気商品、 リボンがアクセントの涼し気なパンチングパンプスです。 生地には軽くて通気性が良く、色あせにくい 東レ人工皮革スエードを使用しています。 生地は贅沢な2枚合わせ仕様にしているので とても足あたりが優しく、柔らかな履き心地。 中敷に抗菌・防臭効果ある素材を使用しているのも嬉しいポイント。 グリップ力のある返りの良いソールと 安定感のあるローヒールで、快適な歩みをサポートしてくれます。 ファッションに合わせやすい人気のカラーバリエーション。 シンプルで飽きのこないリボンデザインで デイリーに大活躍間違いなし！ ※側面はパンチングくり抜きですが、つま先とかかと部分は透けないデザインです。,https://www.bath-ec.com/fs/bath/344216bl?utm_source=pinterest&utm_medium=social&utm_campaign=csv_vertical,2026-10-06T03:00:00,"2026春夏新作,新色,3E,幅広,甲高,軽い,柔らかい,ムレない,歩きやすい,洗える,痛くない"
ダブルストラップサンダル (レディース 女性用 サンダル おしゃれ 草履 ぞうり かわいい ストラップ)※返品対応可｜定番人気商品・幅広・甲高 クロールバリエ,https://www.bath-ec.com/pinterest/img/529203bl-bl.jpg,洗えるサンダル,,ダブルストラップサンダル (レディース 女性用 サンダル おしゃれ 草履 ぞうり かわいい ストラップ)※返品対応可。定番人気商品・幅広・甲高。 クロールバリエ ダブルストラップサンダル （No.99） ★ 3Eタイプになってより快適にバージョンアップ ★ こちらの商品は従来のタイプ「No.99 ダブルストラップサンダル」の新モデルとなります。 ◎ご要望の多かった3E幅になりました。 ゆったり履ける3Eワイズに。人の足の形に添った包まれるような快適な履き心地感がUP。 ◎つま先部分がさらりとしたメッシュ切り替えに。 素足で触れても気持ちの良い、吸湿・吸汗・通気性に優れたメッシュを採用。 ◎クッション性のある素材をソールに使用。 地面をしっかりと蹴りだし、地面からの衝撃を緩和。 汚れたら洗濯機で丸洗いできる、ウォッシャブルシューズ「COULEUR VARIE（クロールバリエ）」。 クロールバリエ ダブルストラップサンダルは 幅広い世代の女性に愛されてきた当店人気No.1のロングセラー商品です。 人気の秘密は、丸みのあるコロンとしたつま先の形「オブリークトゥ（オブリックトゥ）」。 親指に高,https://www.bath-ec.com/fs/bath/529203bl-bl?utm_source=pinterest&utm_medium=social&utm_campaign=csv_vertical,2026-10-06T11:00:00,"定番人気商品,幅広,甲高"
ダブルストラップサンダル(レディース 女性用 サンダル おしゃれ 草履 ぞうり かわいい ストラップ 小さい靴 大きい スモール 小さいサイズ)※返品対応可｜定番人気商品・幅広・甲高 クロールバリエ,https://www.bath-ec.com/pinterest/img/529203dna-na.jpg,洗えるサンダル,,ダブルストラップサンダル(レディース 女性用 サンダル おしゃれ 草履 ぞうり かわいい ストラップ 小さい靴 大きい スモール 小さいサイズ)※返品対応可。定番人気商品・幅広・甲高。 クロールバリエ ダブルストラップサンダル （No.99） ★ 3Eタイプになってより快適にバージョンアップ ★ こちらの商品は従来のタイプ「No.99 ダブルストラップサンダル」の新モデルとなります。 ◎ご要望の多かった3E幅になりました。 ゆったり履ける3Eワイズに。人の足の形に添った包まれるような快適な履き心地感がUP。 ◎つま先部分がさらりとしたメッシュ切り替えに。 素足で触れても気持ちの良い、吸湿・吸汗・通気性に優れたメッシュを採用。 ◎クッション性のある素材をソールに使用。 地面をしっかりと蹴りだし、地面からの衝撃を緩和。 汚れたら洗濯機で丸洗いできる、ウォッシャブルシューズ「COULEUR VARIE（クロールバリエ）」。 クロールバリエ ダブルストラップサンダルは 幅広い世代の女性に愛されてきた当店人気No.1のロングセラー商品です。 人気の秘密は、丸みのあるコロンとしたつま先の形「オブリ,https://www.bath-ec.com/fs/bath/529203dna-na?utm_source=pinterest&utm_medium=social&utm_campaign=csv_vertical,2026-10-07T03:00:00,"定番人気商品,幅広,甲高"
COULEUR VARIE() オブリークトゥ バレエシューズ パンプス ヴィンテージワックスブラック ( シューズ フラット リボン 通勤 )セール｜幅広・甲高・軽い クロールバリエ,https://www.bath-ec.com/pinterest/img/529251-vw-bl.jpg,洗えるパンプス,,COULEUR VARIE() オブリークトゥ バレエシューズ パンプス ヴィンテージワックスブラック ( シューズ フラット リボン 通勤 )セール。幅広・甲高・軽い・柔らかい・ムレない・日本製・痛くない。 クロールバリエ オブリークトゥ バレエシューズ パンプス 汚れたら洗 濯機で丸洗いできる、ウォッシャブルシューズ「COULEUR VARIE（クロールバリエ）」。 丸みを帯びたトゥ、ワンポイントリボンのバレエパンプス。 丸みのあるコロンとしたつま先の形「オブリークトゥ（オブリックトゥ）」は 親指に高さがあり、足の指の流れに沿って設計されているので 長時間履いても足が痛くなりにくく、柔らかなフィット感が魅力的。 抗菌防臭効果のある素材のインソールはふかふかの優しい足あたり。 生地には軽くて通気性が良く、色あせにくい 東レ人工皮革スエードを使用しています。 選ぶのが楽しくなる豊富なカラーバリエーション。 定番の人気柄からアクセントカラーまで 季節を問わずオールシーズンご愛用頂けます。 ※柄タイプのものは、個々により色柄の出方が異なり左右非対称となります。 商品の特性をご理解の上、何卒,https://www.bath-ec.com/fs/bath/529251-vw-bl?utm_source=pinterest&utm_medium=social&utm_campaign=csv_vertical,2026-10-07T11:00:00,"幅広,甲高,軽い,柔らかい,ムレない,日本製,痛くない"
バレエシューズ パンプス スクエアトゥ ( バレエ ぺたんこ フラットシューズ リボンバレエ 通勤 事務 会社 美脚 スエード） /セール｜幅広・甲高・軽い,https://www.bath-ec.com/pinterest/img/544213.jpg,洗えるパンプス,,バレエシューズ パンプス スクエアトゥ ( バレエ ぺたんこ フラットシューズ リボンバレエ 通勤 事務 会社 美脚 スエード） /セール。幅広・甲高・軽い・柔らかい・ムレない・痛くない。 クロールバリエ スクエアトゥ バレエシューズ パンプス 汚れたら洗濯機で丸洗いできる、ウォッシャブルシューズ「COULEUR VARIE（クロールバリエ）」。 直営店・百貨店でも人気の定番ロングセラーバレエシューズです。 人気の秘密は、クロールバリエならではの優しい履き心地。 中敷全体に入った約3mmの高反発クッションと さらに、中心からかかとにかけて約5mmのアーチ付クッションを重ね 2層のクッションが足の負担を和らげてくれます。 また、ライニングには抗菌・制菌・防臭・吸湿・速乾作用のある、さらりとしたメッシュ素材を。 中敷きの一部にも、抗菌・防臭・透湿性に優れた人工皮革を採用しています。 中敷きの刺繍デザインは高級感があり、脱ぐのが楽しくなりますね。 足に負担をかけない約2cmのローヒール。 返りが良く、グリップ力のあるソールで 地面をしっかり蹴り出すことができます。 生地には軽くて通気性が良く,https://www.bath-ec.com/fs/bath/544213?utm_source=pinterest&utm_medium=social&utm_campaign=csv_vertical,2026-10-08T03:00:00,"幅広,甲高,軽い,柔らかい,ムレない,痛くない"
洗えるスクエアトゥ パンプス(婦人靴 ローヒール シンプル スエード ブラック リクルート 冠婚葬祭 就活 スーツ 結婚式 立ち仕事 事務 シンプル mbl)｜幅広・甲高・軽い クロールバリエ,https://www.bath-ec.com/pinterest/img/629201.jpg,洗えるパンプス,,洗えるスクエアトゥ パンプス(婦人靴 ローヒール シンプル スエード ブラック リクルート 冠婚葬祭 就活 スーツ 結婚式 立ち仕事 事務 シンプル mbl)。幅広・甲高・軽い・柔らかい・ムレない。 クロールバリエ スクエアトゥ パンプス 汚れたら洗濯機で丸洗いできる、ウォッシャブルシューズ「COULEUR VARIE（クロールバリエ）」。 どんなシーンでも大活躍のすっきりとしたスクエアトゥパンプス。 軽くて通気性が良く、色あせにくい東レ人工皮革スエードタイプと マットな質感の人工皮革を用いたタイプの2種類をご用意しました。 インソールは抗菌・防臭作用に優れた人工皮革を使用。 さらにつま先・指周りなどのべたつきやすい部分は 抗菌・吸湿・速乾作用のあるさらりとしたメッシュ素材に切り替え、 素足で履いても気持ちが良く、サラリとした足あたり。 土踏まずを支えるアーチクッションが足裏にフィット。 滑り止め加工を施したソール裏でしっかりと 地面を蹴りだし、快適な歩みをサポートします。 きちんと感のある歩きやすいソールで、女性らしさと清楚さを演出。 お仕事から毎日のお出かけまで、 1年を通して大活,https://www.bath-ec.com/fs/bath/629201?utm_source=pinterest&utm_medium=social&utm_campaign=csv_vertical,2026-10-08T11:00:00,"洗える,幅広,甲高,軽い,柔らかい,ムレない"
洗えるメンズ モカシン ローファー (男性 通勤)セール｜幅広・甲高・軽い クロールバリエ,https://www.bath-ec.com/pinterest/img/6601.jpg,洗えるローファー,,洗えるメンズ モカシン ローファー (男性 通勤)セール。幅広・甲高・軽い・柔らかい・ムレない・痛くない。 クロールバリエ メンズ モカシン ローファー 汚れたら洗濯機で丸洗いできる、ウォッシャブルシューズ「COULEUR VARIE（クロールバリエ）」。 待望のメンズラインのモカシンローファーが登場！ 縁周りはバイカラーデザインになっており ファッションコーデのアクセントや 服装に合わせやすいカラー展開が魅力的。 生地には軽くて通気性が良く、色あせにくい 東レの人工皮革を使用しています。 約0.8cmの厚みのインソールの ふわりとしたクッション性も嬉しいポイントです。,https://www.bath-ec.com/fs/bath/6601?utm_source=pinterest&utm_medium=social&utm_campaign=csv_vertical,2026-10-09T03:00:00,"洗える,幅広,甲高,軽い,柔らかい,ムレない,痛くない"
COULEUR VARIE() エコファー スニーカー｜セール・幅広・甲高 クロールバリエ,https://www.bath-ec.com/pinterest/img/878260.jpg,洗えるスニーカー,,COULEUR VARIE() エコファー スニーカー。セール・幅広・甲高・柔らかい・ムレない。 クロールバリエ ファー スニーカー 汚れたら洗濯機で丸洗いできる、ウォッシャブルシューズ「COULEUR VARIE（クロールバリエ）」。 ボリュームのあるファーは付け外しができる2WAYスタイル。 それぞれの雰囲気を楽しめコーディネートの幅が広がります。 インソールは抗菌・吸水・速乾・防臭作用のある さらりとしたメッシュ素材で 気になる靴の中の不快感を軽減してくれます。 約2.5cmのインヒールが入っているのでさりげなくスタイルアップ。 さらにクッション性のあるインヒールなので、 歩行時の衝撃も吸収、疲れを軽減してくれます。 生地には軽くて通気性が良く、色あせにくい 東レ人工皮革スエードを使用しています。 ボリュームのある見た目ですが、片足約250gと軽量で重さをあまり感じません。 甲は面ファスナーを使っているのでサイズ調整が可能です。 3Eでゆったりとした履き心地です。 ※洗濯の際、パールのビジューがついておりますので脱水時はタオルで包んでください。,https://www.bath-ec.com/fs/bath/878260?utm_source=pinterest&utm_medium=social&utm_campaign=csv_vertical,2026-10-09T11:00:00,"セール,幅広,甲高,柔らかい,ムレない"
ストラップ パンプス（スエードタイプ）(メリージェーンパンプス)｜セール・幅広・甲高 クロールバリエ,https://www.bath-ec.com/pinterest/img/929201.jpg,洗えるパンプス,,ストラップ パンプス（スエードタイプ）(メリージェーンパンプス)。セール・幅広・甲高・軽い・柔らかい・ムレない。 クロールバリエ ストラップ パンプス(スエードタイプ） 汚れたら洗濯機で丸洗いできる、お手入れ簡単「COULEUR VARIE（クロールバリエ）」。 安定感のある歩行がうれしい日本製ストラップパンプス。 優しい印象のすくみカラーが新たに登場しました。 いろんな色と相性がいいので使いやすく、ワンポイントカラーとしてもマストです。 生地は軽くて通気性が良く、色あせにくい東レ人工皮革スエードを使用。 ワンポイントの刺繍はシンプルなデザインのアクセントになる。 丸みのあるコロンとしたつま先の形「オブリークトゥ（オブリックトゥ）」。 親指に高さがあり、足の指の流れに沿って設計されているので 長時間履いても足が痛くなりにくいデザインです。 ストラップは面ファスナータイプなので お好みに合わせてサイズ感を調節できます。 インソールは前部分は、抗菌防臭・速乾・吸汗・通気性に優れたさらりとしたメッシュ素材。 後ろ部分にも抗菌・防臭・透湿性のある素材を使用しています。 また、土踏まずを支えるア,https://www.bath-ec.com/fs/bath/929201?utm_source=pinterest&utm_medium=social&utm_campaign=csv_vertical,2026-10-10T03:00:00,"セール,幅広,甲高,軽い,柔らかい,ムレない"
パンプス※返品対応可｜定番人気商品・幅広・甲高 クロールバリエ,https://www.bath-ec.com/pinterest/img/385n-bl.jpg,洗えるパンプス,,"パンプス※返品対応可。定番人気商品・幅広・甲高・軽い・柔らかい・ムレない・軽量。 クロールバリエ 軽量 パンプス 汚れたら洗濯機で丸洗いできる、ウォッシャブルシューズ「COULEUR VARIE（クロールバリエ）」。 こちらはクロールバリエのロングセラー商品、 軽量パンプスNO,385のリニューアルタイプになります。 通常より手間のかかるプラット製法を採用し、 巻革を使うことによって甲材を引っ張らないため 素材が足に馴染みやすく包み込むような履き心地に。 インソールにはさらりとしたメッシュ素材を使用しているので 素足で履いても気持ちの良い足入れ感。 また、中足骨パッドが足裏の負担を分散させ快適な歩みをサポートします。 サイドのライニング(裏地)にクッション材を採用し、フィット感がアップ。 履きこみもやや浅めになり、スッキリとした印象に。 「クロールバリエ」は洗えるシューズ。 こちらのスムースタイプも通常のスエード風タイプと同様 弊社独自の開発により、水洗いや洗濯機でのお手入れが可能です。 すっきりとしたシンプルデザイン。 女性らしい丸いトゥに、程よい高さのヒール。 お出かけから、お仕事",https://www.bath-ec.com/fs/bath/385n-bl?utm_source=pinterest&utm_medium=social&utm_campaign=csv_vertical,2026-10-10T11:00:00,"定番人気商品,幅広,甲高,軽い,柔らかい,ムレない,軽量"
洗えるビットモチーフ ローファー｜幅広・甲高・軽い クロールバリエ,https://www.bath-ec.com/pinterest/img/951201.jpg,洗えるローファー,,洗えるビットモチーフ ローファー。幅広・甲高・軽い・柔らかい・ムレない。 クロールバリエ ビット付き フラットシューズ 汚れたら洗濯機で丸洗いできる、ウォッシャブルシューズ「COULEUR VARIE（クロールバリエ）」。 50周年記念の際に登場した復刻デザインのビットローファー。 甲部分にゴールドカラーのビットモチーフをプラスし、洗練された上品な雰囲気に。 インソールとライニングの一部には 抗菌・防臭効果ある素材を使用し、気になる臭いを抑え、蒸れやべたつきを軽減。 インソール全体に約3mmの高反発クッションを敷き、柔らかく気持ちの良い足あたりです。 生地には軽くて通気性が良く、色あせにくい 東レ人工皮革スエードを使用しています。 カジュアルにもきれいめにも◎ シンプルデザインで様々なスタイリングと相性がよく、幅広いカラー展開でご用意しております。 幅広さんにもおすすめの足幅ゆったり設計です。 ※通販関係では「オフホワイト」を「ライトベージュ」と表記している場合がございます。 ※お手入れについて こちらの商品は装飾金具がついていますので、洗濯機をご利用の際はタオルに包んでお手入れしてく,https://www.bath-ec.com/fs/bath/951201?utm_source=pinterest&utm_medium=social&utm_campaign=csv_vertical,2026-10-11T03:00:00,"洗える,幅広,甲高,軽い,柔らかい,ムレない"
クロスオープントゥ パンプス/セール｜幅広・甲高・軽い クロールバリエ,https://www.bath-ec.com/pinterest/img/974206.jpg,洗えるパンプス,,クロスオープントゥ パンプス/セール。幅広・甲高・軽い・柔らかい・ムレない・軽量。 クロールバリエ 軽量 クロスオープントゥ パンプス 汚れたら洗濯機で丸洗いできる、ウォッシャブルシューズ「COULEUR VARIE（クロールバリエ）」。 人気の軽量シリーズからシンプルデザインの軽量オープントゥパンプス。 毎日履きたくなる夏らしいローウエッジパンプス。 クロスのデザインは足元をすっきり美しくみせてくれます。 生地は軽くて通気性が良く、色あせにくい東レ人工皮革スエードを使用。 軽さと屈曲性に富んだプラット製法を用いた柔らかな足あたり。 甲材を強く引っ張って成型しないため、甲材の伸縮性が保持され 足を包み込むようなソフトな履き心地です。 インソールは汗をかいても乾きやすいメッシュ素材を使用。 中足骨パット入りで足裏のアーチを支えて歩行の疲れを軽減。,https://www.bath-ec.com/fs/bath/974206?utm_source=pinterest&utm_medium=social&utm_campaign=csv_vertical,2026-10-11T11:00:00,"幅広,甲高,軽い,柔らかい,ムレない,軽量"
バスルーム オールウェザー レイン　スニーカー※レインシューズ期間限定SALE：｜定番人気商品,https://www.bath-ec.com/pinterest/img/960101.jpg,レインシューズ,,バスルーム オールウェザー レイン　スニーカー※レインシューズ期間限定SALE：。定番人気商品。 バスルーム オールウェザー スニーカー 【世の中の女性を足の悩みから解放する】 百貨店でも大人気、大人のレインシューズでおなじみの「BATH ROOM（バスルーム）」。 撥水素材を使用したシンプルなデザインのオールウェザースニーカー。 撥水材を糸に溶かし込んだニット素材のオールウェザータイプ。 晴れの日のお出かけはもちろん、急な雨にも安心です。 履き口が伸縮し、すぽっと履けるスリッポンタイプ、 靴下のようにやさしく足にフィットします。 中敷は取り外し可能なカップインソールで、外して洗えるので いつでも清潔にお使いいただけます。 メッシュ素材なのでさらりと快適。 軽くて、滑りにくい凹凸のあるソールは返りがよく歩きやすい。 シンプルなスニーカーデザインで驚くほど軽く、いつものスタイルに合わせたくなる。 天気を選ばず安心していつでもお履きいただけます。 -撥水素材について- 本商品に使用しております生地の撥水加工はご使用中の摩擦によりご使用毎に低下していきます。 市販の撥水スプレーなどでケアして,https://www.bath-ec.com/fs/bath/960101?utm_source=pinterest&utm_medium=social&utm_campaign=csv_vertical,2026-10-12T03:00:00,定番人気商品
"洗えるCOULEUR VARIE() 内ボア タッセル モカシン(レオパード,ヒョウ,パンサー,アニマルプリント)セール｜2E・幅広・甲高 クロールバリエ",https://www.bath-ec.com/pinterest/img/978252.jpg,洗えるモカシン,,"洗えるCOULEUR VARIE() 内ボア タッセル モカシン(レオパード,ヒョウ,パンサー,アニマルプリント)セール。2E・幅広・甲高・軽い・柔らかい・ムレない。 クロールバリエ 内ボア タッセル モカシン 汚れたら洗濯機で丸洗いできる、ウォッシャブルシューズ「COULEUR VARIE（クロールバリエ）」。 あたたかいボア仕様のタッセルモカシン。 甲は手縫いのモカステッチで非常に足馴染みがよい。 中敷のアーチクッションが土踏まずを支え、足の疲れを軽減します。 ライニングは抗菌・防臭・透湿性のある素材でにおいを抑え、ムレやべたつきを軽減します。 生地には軽くて通気性に優れた、発色の良い東レ人工スエードを使用。 ソールは軽くて返りがよく、歩きややすくて足に馴染みます。 中敷がボア仕様なので寒い季節も暖かく、いろんなファッションに取り入れられます 。 ※一足一足手縫いですので、若干の個体差が生じる可能性がございますが、使用するうちに足になじみます。",https://www.bath-ec.com/fs/bath/978252?utm_source=pinterest&utm_medium=social&utm_campaign=csv_vertical,2026-10-12T11:00:00,"2E,洗える,幅広,甲高,軽い,柔らかい,ムレない"
パンプス｜セール・幅広・甲高 クロールバリエ,https://www.bath-ec.com/pinterest/img/385nsale.jpg,洗えるパンプス,,"パンプス。セール・幅広・甲高・軽い・柔らかい・ムレない・軽量。 クロールバリエ 軽量 パンプス 汚れたら洗濯機で丸洗いできる、ウォッシャブルシューズ「COULEUR VARIE（クロールバリエ）」。 こちらはクロールバリエのロングセラー商品、 軽量パンプスNO,385のリニューアルタイプになります。 通常より手間のかかるプラット製法を採用し、 巻革を使うことによって甲材を引っ張らないため 素材が足に馴染みやすく包み込むような履き心地に。 インソールにはさらりとしたメッシュ素材を使用しているので 素足で履いても気持ちの良い足入れ感。 また、中足骨パッドが足裏の負担を分散させ快適な歩みをサポートします。 サイドのライニング(裏地)にクッション材を採用し、フィット感がアップ。 履きこみもやや浅めになり、スッキリとした印象に。 「クロールバリエ」は洗えるシューズ。 こちらのスムースタイプも通常のスエード風タイプと同様 弊社独自の開発により、水洗いや洗濯機でのお手入れが可能です。 すっきりとしたシンプルデザイン。 女性らしい丸いトゥに、程よい高さのヒール。 お出かけから、お仕事・冠婚葬祭まで大活",https://www.bath-ec.com/fs/bath/385nsale?utm_source=pinterest&utm_medium=social&utm_campaign=csv_vertical,2026-10-13T03:00:00,"セール,幅広,甲高,軽い,柔らかい,ムレない,軽量"
カットワーク パンプス/セール｜幅広・甲高・軽い クロールバリエ,https://www.bath-ec.com/pinterest/img/074206.jpg,洗えるパンプス,,カットワーク パンプス/セール。幅広・甲高・軽い・柔らかい・ムレない・軽量。 クロールバリエ 軽量ドットモチーフ カットワーク パンプス 汚れたら洗濯機で丸洗いできる、ウォッシャブルシューズ「COULEUR VARIE（クロールバリエ）」。 人気の超軽量シリーズからシンプルデザインの軽量カットワークパンプス。 屈曲性が良く、足を包みこむような優しい履き心地のプラット製法採用のシューズです。 生地には軽くて通気性が良く、発色がよく色あせにくい東レ人工皮革スエードを使用。 インソールは抗菌防臭効果のある、素足でもさらさらと気持ちの良いメッシュ素材。 さらに中足骨パット入りで長時間歩いても疲れにくい。 ランダムなドットモチーフのカットワークが涼しげで可愛らしい印象。 華やかなデザインですが、落ち着いたカラーなので全身のコーディネートがしやすいのが魅力です。 足もとにアクセント。春らしいシューズでお出かけするとワクワクしますよね。 生地には軽くて通気性が良く、色あせにくい 東レ人工皮革スエードを使用しています。,https://www.bath-ec.com/fs/bath/074206?utm_source=pinterest&utm_medium=social&utm_campaign=csv_vertical,2026-10-13T11:00:00,"幅広,甲高,軽い,柔らかい,ムレない,軽量"
シークレットヒール バレエシューズ( 国産 バレエシューズ 外反母趾 人気 甲深 パンプス ゆったり ぺたんこ フラットシューズ リボンバレエ 通勤 美脚 メイドインジャパン)｜セール・幅広・甲高,https://www.bath-ec.com/pinterest/img/694sale.jpg,洗えるパンプス,,シークレットヒール バレエシューズ( 国産 バレエシューズ 外反母趾 人気 甲深 パンプス ゆったり ぺたんこ フラットシューズ リボンバレエ 通勤 美脚 メイドインジャパン)。セール・幅広・甲高・軽い・柔らかい・ムレない・日本製・痛くない。 クロールバリエ シークレットヒール バレエシューズ 汚れたら洗濯機で丸洗いできる、ウォッシャブルシューズ「COULEUR VARIE（クロールバリエ）」。 幅広い世代の女性に愛されてきた日本製ロングセラーバレエシューズ。 外からは分からない約2.5cmのインヒール仕様で とても歩きやすく、足長効果もばっちり。 インソールは抗菌防臭に優れたシルバーカラーの人工皮革を採用。 裏面に再剥離テープを貼っているので何度でも取り外しでき、 インソールだけを洗う事もできます。 生地には軽くて通気性が良く、色あせにくい 東レ人工皮革スエードを使用。 とても柔らかな履き心地で 1年を通して快適にお履きいただけます。 クロールバリエならではの多彩なカラーバリエーション、 小さいサイズの21cmから、大きいサイズの25cmまでの幅広いサイズ展開。 あなたにぴったりな１,https://www.bath-ec.com/fs/bath/694sale?utm_source=pinterest&utm_medium=social&utm_campaign=csv_vertical,2026-10-14T03:00:00,"セール,幅広,甲高,軽い,柔らかい,ムレない,日本製,痛くない"
ヒールアップ モカシン ローファー/セール｜3E・幅広・甲高 クロールバリエ,https://www.bath-ec.com/pinterest/img/078254.jpg,洗えるローファー,,ヒールアップ モカシン ローファー/セール。3E・幅広・甲高・軽量・痛くない・柔らかい・ムレない。 クロールバリエ ヒールアップ モカシン ローファー 汚れたら洗濯機で丸洗いできる、ウォッシャブルシューズ「COULEUR VARIE（クロールバリエ）」。 程よくヒールアップしたモカシンローファーは、 控えめな金具使いが上品な印象で普段使いもオフィスにもOK。 スマートなフォルムなのに足に優しくフィットするカップインソールの仕様や前側までやや厚底になった軽量設計のモールドソールを採用することで、クッション性抜群の快適な履き心地に。 グリップ力と屈曲性のあるソールでしっかり地面を蹴り出すことができる。片足約160gととても軽い履き心地です。 インソールは取り外せる抗菌・防臭・透湿性のあるカップインソールで単独でのお手入れもできるので、いつでも心地よく履くことができます。 21.5cm～25cmまでのサイズ展開で、小さいサイズから大きいサイズまでございます。,https://www.bath-ec.com/fs/bath/078254?utm_source=pinterest&utm_medium=social&utm_campaign=csv_vertical,2026-10-14T11:00:00,"3E,幅広,甲高,軽量,痛くない,柔らかい,ムレない"
ポインテッドトゥ パンプスセール｜2E・痛くない・柔らかい クロールバリエ,https://www.bath-ec.com/pinterest/img/029253.jpg,洗えるパンプス,,ポインテッドトゥ パンプスセール。2E・痛くない・柔らかい・ムレない。 クロールバリエ ポインテッドトゥ パンプス 汚れたら洗濯機で丸洗いできる、ウォッシャブルシューズ「COULEUR VARIE（クロールバリエ）」。 どこでも活躍、毎日履けるポインテッドトゥパンプスが登場。 シンプルな細見えパンプスは上品でエレガントな深めのデザインで お仕事やオフィスはもちろん、日常使いやお出かけスタイルにもマッチ。 カラーはいろんな服装に合わせやすいダークカラーからフィルム加工まで。他のカラーと組み合わせても落ち着いた印象になり、上品な足元を演出してくれます。,https://www.bath-ec.com/fs/bath/029253?utm_source=pinterest&utm_medium=social&utm_campaign=csv_vertical,2026-10-15T03:00:00,"2E,痛くない,柔らかい,ムレない"
"洗える2WAY バブーシュ パンプス(レオパード,ヒョウ,パンサー,アニマルプリント)セール｜2E・柔らかい・痛くない クロールバリエ",https://www.bath-ec.com/pinterest/img/129201.jpg,洗えるパンプス,,"洗える2WAY バブーシュ パンプス(レオパード,ヒョウ,パンサー,アニマルプリント)セール。2E・柔らかい・痛くない・軽い・ムレない。 クロールバリエ 2WAY バブーシュ パンプス 汚れたら洗濯機で丸洗いできる、ウォッシャブルシューズ「COULEUR VARIE（クロールバリエ）」。 かかとを踏んでバブーシュにも、2WAY仕様のフラットパンプスが登場。 アウトステッチがアクセントになった2WAY仕様のパンプスは さらりと履きやすいフラットタイプ、かかとを踏んでカジュアルなバブーシュとしてもお使いいただけます。 柔らかく足馴染みがよいアッパー素材は、軽くて通気性が良く色あせにくい東レ人工皮革スエードを使用。 インソールとライニングには抗菌・防臭・透湿性のある高機能素材を採用、気になるにおいやむれを軽減します。 軽くてかえりの良いソールなので、歩きやすく毎日の足元におすすめです。 ※色名に「マイクロドット」と付く色は、光沢のある加工を施しています。(ドットシルバーとゴールドも同様に光沢がございます。)",https://www.bath-ec.com/fs/bath/129201?utm_source=pinterest&utm_medium=social&utm_campaign=csv_vertical,2026-10-15T11:00:00,"2E,洗える,柔らかい,痛くない,軽い,ムレない"
洗えるシアー レースアップ スニーカーセール｜2E・幅広・甲高 クロールバリエ,https://www.bath-ec.com/pinterest/img/178202.jpg,洗えるスニーカー,,洗えるシアー レースアップ スニーカーセール。2E・幅広・甲高・軽い・柔らかい・ムレない。 クロールバリエ シアー レースアップ スニーカー 汚れたら洗濯機で丸洗いできる、ウォッシャブルシューズ「COULEUR VARIE（クロールバリエ）」。 上品なチュール×刺繍をあしらったレースアップスニーカー。 上品でかわいい装飾にレースアップのリボンが大人かわいいデザインで心をくすぐります。 チュール部分は肌が透けて見えるさりげない透け感あり。 0.5cmのインヒール入りでスニーカーだけどすっきりと脚長効果。 中敷は足裏の形状に沿ったカップインソールで疲れを軽減。 また抗菌・防臭・透湿性のある高機能な素材なのもうれしいポイントです。 中敷を取り外せるので気になるにおいや汚れを簡単にお手入れできます。 シンプルなコーディネイトを華やかにする、スカートにもパンツにも合わせられるアイテムです。,https://www.bath-ec.com/fs/bath/178202?utm_source=pinterest&utm_medium=social&utm_campaign=csv_vertical,2026-10-16T03:00:00,"2E,洗える,幅広,甲高,軽い,柔らかい,ムレない"
シークレットヒール バレエシューズ( 国産 バレエシューズ 外反母趾 人気 甲深 パンプス ゆったり ぺたんこ フラットシューズ リボンバレエ 通勤 美脚 メイドインジャパン)｜セール・幅広・甲高,https://www.bath-ec.com/pinterest/img/694sale3.jpg,洗えるパンプス,,シークレットヒール バレエシューズ( 国産 バレエシューズ 外反母趾 人気 甲深 パンプス ゆったり ぺたんこ フラットシューズ リボンバレエ 通勤 美脚 メイドインジャパン)。セール・幅広・甲高・軽い・柔らかい・ムレない・日本製・痛くない。 クロールバリエ シークレットヒール バレエシューズ 汚れたら洗濯機で丸洗いできる、ウォッシャブルシューズ「COULEUR VARIE（クロールバリエ）」。 幅広い世代の女性に愛されてきた日本製ロングセラーバレエシューズ。 外からは分からない約2.5cmのインヒール仕様で とても歩きやすく、足長効果もばっちり。 インソールは抗菌防臭に優れたシルバーカラーの人工皮革を採用。 裏面に再剥離テープを貼っているので何度でも取り外しでき、 インソールだけを洗う事もできます。 生地には軽くて通気性が良く、色あせにくい 東レ人工皮革スエードを使用。 とても柔らかな履き心地で 1年を通して快適にお履きいただけます。 クロールバリエならではの多彩なカラーバリエーション、 小さいサイズの21cmから、大きいサイズの25cmまでの幅広いサイズ展開。 あなたにぴったりな1,https://www.bath-ec.com/fs/bath/694sale3?utm_source=pinterest&utm_medium=social&utm_campaign=csv_vertical,2026-10-16T11:00:00,"セール,幅広,甲高,軽い,柔らかい,ムレない,日本製,痛くない"
洗えるリラクシング リボンルームシューズ/セール｜柔らかい クロールバリエ,https://www.bath-ec.com/pinterest/img/144080.jpg,洗えるルームシューズ,,洗えるリラクシング リボンルームシューズ/セール。柔らかい。 クロールバリエリラクシング リボンルームシューズ ウォッシャブルシューズでお馴染みの「COULEUR VARIE(クロールバリエ)」から、室内でもお洒落に快適に過ごしたい、毎日をより心地良くするために素材にもこだわったラグジュアリーなルームシューズが登場。定評のあるクロールバリエシューズの履き心地をお家の中でも体感していただけます。もちろんウォッシャブル仕様なので、汚れたら丸洗いしていつでも清潔に心地よく過ごせます。 クロスのデザインは足を美しく華奢に見せてくれます。またクロス部分は隙間から指が出てきにくいように狭くデザインされいます。 卵殻膜プロテインと生体親和性ポリマーの融合により生まれたお肌に優しい素材「エッグベール🄬」を中敷素材に使用しています。 中敷素材「エッグベール🄬」の特長 ・帯電防止性(摩擦耐電圧)：静電気を帯びにくくします。※完全に静電気を除去する加工ではございません。 ・吸湿性・吸水性：ムレやべたつきを抑えて快適な肌触り。 自宅ではもちろん、オフィスや学校行事など様々なシーンでおすすめです。室内でも姿勢良,https://www.bath-ec.com/fs/bath/144080?utm_source=pinterest&utm_medium=social&utm_campaign=csv_vertical,2026-10-17T03:00:00,"洗える,柔らかい"
COULEUR VARIE() 中綿 ボア ショートブーツ(フェイクファーインソール)｜ブーツ /セール クロールバリエ,https://www.bath-ec.com/pinterest/img/178286.jpg,洗えるブーツ,,COULEUR VARIE() 中綿 ボア ショートブーツ(フェイクファーインソール)。ブーツ /セール。 クロールバリエ 中綿 ボア ショートブーツ 汚れたら洗濯機で丸洗いできる、ウォッシャブルシューズ「COULEUR VARIE（クロールバリエ）」。 ボリューム感のある見た目でも片足約230ｇの軽さと柔らかさで靴下のような履き心地。 アッパー材は中綿入りで保温性も◎ 裏地と中敷も暖かなファー素材。 ・取り外せるカップインソール。足裏に合う形状で疲れを軽減 ・軽量：軽さが魅力の人気シリーズ ・あったか ・3E ゆったりした履き心地,https://www.bath-ec.com/fs/bath/178286?utm_source=pinterest&utm_medium=social&utm_campaign=csv_vertical,2026-10-17T11:00:00,ブーツ /セール
COULEUR VARIE() ブーツ｜セール・軽量 クロールバリエ,https://www.bath-ec.com/pinterest/img/174285.jpg,洗えるブーツ,,COULEUR VARIE() ブーツ。セール・軽量。 クロールバリエ 軽量 ブーツ 汚れたら洗濯機で丸洗いできる、ウォッシャブルシューズ「COULEUR VARIE（クロールバリエ）」。 人気の超軽量シリーズからルゆったりルーズ感のあるショートブーツが登場。 すぽっと簡単に履けて驚くほど軽量で長時間でも快適な履き心地です。 ・軽量：軽さが魅力の人気シリーズ ・3E-4E ゆったりした履き心地,https://www.bath-ec.com/fs/bath/174285?utm_source=pinterest&utm_medium=social&utm_campaign=csv_vertical,2026-10-18T03:00:00,"セール,軽量"
elevage 甲深パンプス,https://www.bath-ec.com/pinterest/img/174551.jpg,洗えるパンプス,,"elevage 甲深パンプス。 - elevage エルバージュ - ヒールの靴は足が疲れやすく、踵が抜ける、前滑りして爪先が痛くなる、そんな理由で履くことを諦めている方々にストレスなくヒールの靴を履いて颯爽と歩いてほしい。しかもそれが環境に配慮した素材で作られたものであるならさらに魅力的に感じてくれるはず。elevageはそんな価値を知る大人の女性のための体感－２センチのシューズです。 再生PET繊維を導入し環境に配慮した素材で、通気性、透湿性、耐久性に優れています。上質でソフトな手触り、美しい発色も魅力です。また、高いメンテナンス性も特徴の一つです。 高機能を活かして、飛行機や電気自動車の内装、家具などに使用されています 上品さとモード感がほど良く合わさったスクエアトゥパンプス 甲が深いデザインで歩きやすくビジネスシーンでも幅広く活躍 サイズ選び ジャストサイズでお選びください 仕様 ・サイズ展開:22.0～25.0cm ・色展開:グレー,ローズ(レッド),スムースブラック,スムーストープ,ブラック,インディゴ,グレージュ,スムースライトベージュ ・ヒールの高さ:約5cm ・ワイズ",https://www.bath-ec.com/fs/bath/174551?utm_source=pinterest&utm_medium=social&utm_campaign=csv_vertical,2026-10-18T11:00:00,
elevageエルバージュ　 ショートブーツ　東レウルトラスエードを使用した初シューズブランド｜セール elevage,https://www.bath-ec.com/pinterest/img/174553.jpg,洗えるブーツ,,elevageエルバージュ　 ショートブーツ　東レウルトラスエードを使用した初シューズブランド。セール。 - elevage エルバージュ - ヒールの靴は足が疲れやすく、踵が抜ける、前滑りして爪先が痛くなる、そんな理由で履くことを諦めている方々にストレスなくヒールの靴を履いて颯爽と歩いてほしい。しかもそれが環境に配慮した素材で作られたものであるならさらに魅力的に感じてくれるはず。elevageはそんな価値を知る大人の女性のための体感－２センチのシューズです。 再生PET繊維を導入し環境に配慮した素材で、通気性、透湿性、耐久性に優れています。上質でソフトな手触り、美しい発色も魅力です。また、高いメンテナンス性も特徴の一つです。 高機能を活かして、飛行機や電気自動車の内装、家具などに使用されています elevage ショートブーツ シンプルなシルエットが大人の日常に美しくフィットするショートブーツ トレンドに左右されないスッキリしたデザインでどんなファッションにも馴染む ジャストサイズでお選びください ・サイズ展開:22.0～25.0cm ・サイズ感:ジャストサイズ ・ヒールの高さ:約5,https://www.bath-ec.com/fs/bath/174553?utm_source=pinterest&utm_medium=social&utm_campaign=csv_vertical,2026-10-19T03:00:00,セール
elevage 甲深パンプス　スエード,https://www.bath-ec.com/pinterest/img/174551e.jpg,洗えるパンプス,,elevage 甲深パンプス　スエード。 - elevage エルバージュ - ヒールの靴は足が疲れやすく、踵が抜ける、前滑りして爪先が痛くなる、そんな理由で履くことを諦めている方々にストレスなくヒールの靴を履いて颯爽と歩いてほしい。しかもそれが環境に配慮した素材で作られたものであるならさらに魅力的に感じてくれるはず。elevageはそんな価値を知る大人の女性のための体感－２センチのシューズです。 再生PET繊維を導入し環境に配慮した素材で、通気性、透湿性、耐久性に優れています。上質でソフトな手触り、美しい発色も魅力です。また、高いメンテナンス性も特徴の一つです。 高機能を活かして、飛行機や電気自動車の内装、家具などに使用されています 上品さとモード感がほど良く合わさったスクエアトゥパンプス 甲が深いデザインで歩きやすくビジネスシーンでも幅広く活躍 ※こちらのページはスエードタイプとなっております。 サイズ選び ジャストサイズでお選びください 仕様 ・サイズ展開:22.0～25.0cm ・ヒールの高さ:約5cm ・ワイズ:3E ・重さ:約220g ・素材:ウルトラスエード 型番：174,https://www.bath-ec.com/fs/bath/174551e?utm_source=pinterest&utm_medium=social&utm_campaign=csv_vertical,2026-10-19T11:00:00,
パンチングパンプス/セール｜軽量・3E・幅広 クロールバリエ,https://www.bath-ec.com/pinterest/img/274230.jpg,洗えるパンプス,,パンチングパンプス/セール。軽量・3E・幅広・甲高。 クロールバリエ 軽量 パンチングパンプス 汚れたら洗濯機で丸洗いできる、ウォッシャブルシューズ「COULEUR VARIE（クロールバリエ）」。 人気の軽量シリーズから涼し気なパンチングデザインのローヒールパンプスが登場。 足裏にフィットするカップインソールは取り外しもOK。 ・軽量：軽さが魅力の人気シリーズ ・抗菌防臭機能 気になる足のにおいを防ぐ ・3E ゆったりした履き心地 ・取り外せるカップインソール 足裏にフィットするカップインソール。アーチクッションが土踏まずを支えて疲れを軽減,https://www.bath-ec.com/fs/bath/274230?utm_source=pinterest&utm_medium=social&utm_campaign=csv_vertical,2026-10-20T03:00:00,"軽量,3E,幅広,甲高"
切り替えオープントゥパンプス (シリーズ)※返品対応可｜定番人気商品・軽量 クロールバリエ,https://www.bath-ec.com/pinterest/img/274231.jpg,洗えるパンプス,,切り替えオープントゥパンプス (シリーズ)※返品対応可。定番人気商品・軽量。 クロールバリエ 軽量 切り替えオープントゥパンプス 汚れたら洗濯機で丸洗いできる、ウォッシャブルシューズ「COULEUR VARIE（クロールバリエ）」。 ヒールなのに驚くほど軽く、歩きやすいと人気の軽量オープントゥパンプスがリニューアル。 甲の切り替えV カットが足もとをすっきり美しく見せてくれます。 ・軽量：軽さが魅力の人気シリーズ ・抗菌防臭機能 気になる足のにおいを防ぐ ・3E ゆったりした履き心地 ・中足骨パット 足裏のアーチを支えて疲れを軽減,https://www.bath-ec.com/fs/bath/274231?utm_source=pinterest&utm_medium=social&utm_campaign=csv_vertical,2026-10-20T11:00:00,"定番人気商品,軽量"
バックベルト パンチングローファー/セール｜軽量 クロールバリエ,https://www.bath-ec.com/pinterest/img/274233.jpg,洗えるローファー,,バックベルト パンチングローファー/セール。軽量。 クロールバリエ 軽量 バックベルト パンチングローファー 汚れたら洗濯機で丸洗いできる、ウォッシャブルシューズ「COULEUR VARIE（クロールバリエ）」。 人気の軽量シリーズからバックバンドタイプのローファーが登場。 トラッドなコインローファーデザインがきちんと感をプラスしつつ、かかとの無いバックバンドタイプで、さっと気軽に履けるのが嬉しい。 ・軽量：軽さが魅力の人気シリーズ ・抗菌防臭機能 気になる足のにおいを防ぐ ・3E ゆったりした履き心地 ・中足骨パット 足裏のアーチを支えて疲れを軽減,https://www.bath-ec.com/fs/bath/274233?utm_source=pinterest&utm_medium=social&utm_campaign=csv_vertical,2026-10-21T03:00:00,軽量
elevage タッセルローファー パンプス/セール｜3E・幅広・甲高,https://www.bath-ec.com/pinterest/img/274502.jpg,洗えるパンプス,,elevage タッセルローファー パンプス/セール。3E・幅広・甲高。 - elevage エルバージュ - ヒールの靴は足が疲れやすく、踵が抜ける、前滑りして爪先が痛くなる、そんな理由で履くことを諦めている方々にストレスなくヒールの靴を履いて颯爽と歩いてほしい。しかもそれが環境に配慮した素材で作られたものであるならさらに魅力的に感じてくれるはず。elevageはそんな価値を知る大人の女性のための体感－２センチのシューズです。 再生PET繊維を導入し環境に配慮した素材で、通気性、透湿性、耐久性に優れています。上質でソフトな手触り、美しい発色も魅力です。また、高いメンテナンス性も特徴の一つです。 高機能を活かして、飛行機や電気自動車の内装、家具などに使用されています ポインテッドトゥにタッセル、正統派のパンプスが洗練された美しい足もとを作ります 入学式や華やかなお席、そしてビジネスシーンまでスタイリッシュに格上げしてくれる頼もしいパンプスです サイズ選び ジャストサイズでお選びください 仕様 ・サイズ展開:22.0～25.0cm ・ヒールの高さ:約7cm ・ワイズ:3E ・重さ:約25,https://www.bath-ec.com/fs/bath/274502?utm_source=pinterest&utm_medium=social&utm_campaign=csv_vertical,2026-10-21T11:00:00,"3E,幅広,甲高"
elevage バイカラーパンプス/セール｜3E・幅広・甲高,https://www.bath-ec.com/pinterest/img/274501.jpg,洗えるパンプス,,elevage バイカラーパンプス/セール。3E・幅広・甲高。 - elevage エルバージュ - ヒールの靴は足が疲れやすく、踵が抜ける、前滑りして爪先が痛くなる、そんな理由で履くことを諦めている方々にストレスなくヒールの靴を履いて颯爽と歩いてほしい。しかもそれが環境に配慮した素材で作られたものであるならさらに魅力的に感じてくれるはず。elevageはそんな価値を知る大人の女性のための体感－２センチのシューズです。 再生PET繊維を導入し環境に配慮した素材で、通気性、透湿性、耐久性に優れています。上質でソフトな手触り、美しい発色も魅力です。また、高いメンテナンス性も特徴の一つです。 高機能を活かして、飛行機や電気自動車の内装、家具などに使用されています バイカラーで足もとにアクセント 華やかで個性的な雰囲気がありながらも落ち着いた色を使っているのでコーディネート楽々 サイズ選び ジャストサイズでお選びください 仕様 ・サイズ展開:22.0～25.0cm ・ヒールの高さ:約5cm ・ワイズ:3E ・重さ:約225g ・素材:ウルトラスエード 型番：274501,https://www.bath-ec.com/fs/bath/274501?utm_source=pinterest&utm_medium=social&utm_campaign=csv_vertical,2026-10-22T03:00:00,"3E,幅広,甲高"
洗える3way着せ替えローファー/セール｜軽量・幅広・3E クロールバリエ,https://www.bath-ec.com/pinterest/img/274236.jpg,洗えるローファー,,洗える3way着せ替えローファー/セール。軽量・幅広・3E・甲高・歩きやすい・痛くない。 クロールバリエ 軽量 3way着せ替えローファー 汚れたら洗濯機で丸洗いできる、ウォッシャブルシューズ「COULEUR VARIE（クロールバリエ）」。 クロールバリエが得意とする人気の「超軽量シリーズ」と大好評の「着せ替え」をドッキングさせたハイブリッドな新作ローファーが登場。 きちんと感のあるゴールドカラーのビット飾り、フェミニンなパール調飾り、全部外してシンプルなローファー。3つの表情で様々なコーディネートに合い、しかも季節を問わず年中活躍するデザインです。 幅広ゆったりの3Eでありながら、スクエアフのシルエットが足をすっきりとキレイにみせてくれます。 ・軽量：軽さが魅力の人気シリーズ ・通気性の良いメッシュ素材の中敷・ライニング さらっとした快適な肌ざわり ・3E ゆったりした履き心地 ・カップインソール 足裏に沿いやすい形状とクッション性で歩行をサポート,https://www.bath-ec.com/fs/bath/274236?utm_source=pinterest&utm_medium=social&utm_campaign=csv_vertical,2026-10-22T11:00:00,"軽量,幅広,3E,洗える,甲高,歩きやすい,痛くない"
洗えるクロス ウエッジ サンダルセール｜2E・軽量 クロールバリエ,https://www.bath-ec.com/pinterest/img/244232.jpg,洗えるサンダル,,洗えるクロス ウエッジ サンダルセール。2E・軽量。 クロールバリエ クロス ウエッジ サンダル 汚れたら洗濯機で丸洗いできる、ウォッシャブルシューズ「COULEUR VARIE（クロールバリエ）」。 ヒールが苦手でも履きやすい安定感のあるウェッジソール。 クロスベルトが足をすっきりと美しくみせてくれます。 シンプルデザインでありながら、波型のカットラインがさりげなく個性を演出。 ・抗菌防臭機能 気になる足のにおいを防ぐ ・ストラップ調節可 脱ぎ履きしやすい。 ・クッション 中足骨パッドが足裏のアーチを支えて疲れを軽減。踵・足指部分にもさらにクッションを重ねてます。,https://www.bath-ec.com/fs/bath/244232?utm_source=pinterest&utm_medium=social&utm_campaign=csv_vertical,2026-10-23T03:00:00,"2E,洗える,軽量"
elevage スクエアカットパンプス/セール｜3E・幅広・甲高,https://www.bath-ec.com/pinterest/img/274503.jpg,洗えるパンプス,,elevage スクエアカットパンプス/セール。3E・幅広・甲高。 - elevage エルバージュ - ヒールの靴は足が疲れやすく、踵が抜ける、前滑りして爪先が痛くなる、そんな理由で履くことを諦めている方々にストレスなくヒールの靴を履いて颯爽と歩いてほしい。しかもそれが環境に配慮した素材で作られたものであるならさらに魅力的に感じてくれるはず。elevageはそんな価値を知る大人の女性のための体感－２センチのシューズです。 再生PET繊維を導入し環境に配慮した素材で、通気性、透湿性、耐久性に優れています。上質でソフトな手触り、美しい発色も魅力です。また、高いメンテナンス性も特徴の一つです。 高機能を活かして、飛行機や電気自動車の内装、家具などに使用されています 洗練されたシンプルなデザインでなので、服を選ばず、コーディネートを格上げする高級感があります。 通勤やビジネスシーンでも大活躍します。 サイズ選び ジャストサイズでお選びください 仕様 ・サイズ展開:22.0～25.0cm ・ヒールの高さ:約7cm ・ワイズ:3E ・重さ:約245g ・素材:ウルトラスエード 型番：274503,https://www.bath-ec.com/fs/bath/274503?utm_source=pinterest&utm_medium=social&utm_campaign=csv_vertical,2026-10-23T11:00:00,"3E,幅広,甲高"
"洗えるビットモチーフ ローファー(レオパード,ヒョウ,パンサー,アニマルプリント,チェック柄)｜セール・幅広・甲高 クロールバリエ",https://www.bath-ec.com/pinterest/img/951201sale.jpg,洗えるローファー,,"洗えるビットモチーフ ローファー(レオパード,ヒョウ,パンサー,アニマルプリント,チェック柄)。セール・幅広・甲高・軽い・柔らかい・ムレない。 クロールバリエ ビット付き フラットシューズ ※こちらはNo.951201 クロールバリエ ビット付き フラットシューズのセールページです※ 汚れたら洗濯機で丸洗いできる、ウォッシャブルシューズ「COULEUR VARIE（クロールバリエ）」。 50周年記念の際に登場した復刻デザインのビットローファー。 甲部分にゴールドカラーのビットモチーフをプラスし、洗練された上品な雰囲気に。 インソールとライニングの一部には 抗菌・防臭効果ある素材を使用し、気になる臭いを抑え、蒸れやべたつきを軽減。 インソール全体に約3mmの高反発クッションを敷き、柔らかく気持ちの良い足あたりです。 生地には軽くて通気性が良く、色あせにくい 東レ人工皮革スエードを使用しています。 カジュアルにもきれいめにも◎ シンプルデザインで様々なスタイリングと相性がよく、幅広いカラー展開でご用意しております。 幅広さんにもおすすめの足幅ゆったり設計です。 ※通販関係では「オフホワイト",https://www.bath-ec.com/fs/bath/951201sale?utm_source=pinterest&utm_medium=social&utm_campaign=csv_vertical,2026-10-24T03:00:00,"セール,洗える,幅広,甲高,軽い,柔らかい,ムレない"
洗えるストラップパンプス(メリージェーンパンプス)｜軽量・幅広・3E クロールバリエ,https://www.bath-ec.com/pinterest/img/274287.jpg,洗えるパンプス,,洗えるストラップパンプス(メリージェーンパンプス)。軽量・幅広・3E・甲高・歩きやすい・痛くない。 クロールバリエ 軽量ストラップパンプス 汚れたら洗濯機で丸洗いできる、ウォッシャブルシューズ「COULEUR VARIE（クロールバリエ）」。 人気の軽量シリーズから普段にもお仕事にも使いやすいストラップパンプスが登場。 履き口周りに施した千鳥ステッチがさりげないアクセント。 ・ストラップの端はゴム仕様で、脱ぎ履きがしやすく窮屈感のない履き心地。 ・甲のV カットは足をすっきりと美しくみせる効果も。 ・足裏を支える中足骨パッド入りで疲れにくい。,https://www.bath-ec.com/fs/bath/274287?utm_source=pinterest&utm_medium=social&utm_campaign=csv_vertical,2026-10-24T11:00:00,"軽量,幅広,3E,洗える,甲高,歩きやすい,痛くない"
洗えるストラップ付きオブリークトゥパンプス｜セール・軽量・幅広 クロールバリエ,https://www.bath-ec.com/pinterest/img/244281.jpg,洗えるパンプス,,洗えるストラップ付きオブリークトゥパンプス。セール・軽量・幅広・3E・甲高・歩きやすい・痛くない。 ストラップ付きオブリークトゥパンプス 汚れたら洗濯機で丸洗いできる、ウォッシャブルシューズ「COULEUR VARIE（クロールバリエ）」。 ころんと丸みが可愛いオブリーク型パンプスは足指もらくちん。 甲ストラップは取り外せる2wayの仕様。 ・踵の内側はクッション入りで擦れにくく優しい足あたり ・中敷きは蒸れが気になるつま先部分は抗菌消臭メッシュ素材 ・水捌けが良く滑りにくいソール,https://www.bath-ec.com/fs/bath/244281?utm_source=pinterest&utm_medium=social&utm_campaign=csv_vertical,2026-10-25T03:00:00,"セール,軽量,幅広,3E,洗える,甲高,歩きやすい,痛くない"
洗えるCOULEUR VARIE() ファー付きリボンモカシンシューズ(フェイクファーインソール)｜セール・軽量・幅広 クロールバリエ,https://www.bath-ec.com/pinterest/img/278282.jpg,洗えるモカシン,,洗えるCOULEUR VARIE() ファー付きリボンモカシンシューズ(フェイクファーインソール)。セール・軽量・幅広・3E・甲高・歩きやすい・痛くない。 ファー付きリボンモカシンシューズ 汚れたら洗濯機で丸洗いできる、ウォッシャブルシューズ「COULEUR VARIE（クロールバリエ）」。 リボンデザインと内側に覗くファーが可愛いモカシンシューズ。 内側はつま先までしっかりファーで暖かさも◎ ・サイドの隠しゴム効果で甲が締めつけにくくゆったりとした履き心地。 ・軽量設計のソールは屈曲性も高くスムーズな足運び。 ・取り外せるインソールでいつでも清潔、サイズの微調整も可能。,https://www.bath-ec.com/fs/bath/278282?utm_source=pinterest&utm_medium=social&utm_campaign=csv_vertical,2026-10-25T11:00:00,"セール,軽量,幅広,3E,洗える,甲高,歩きやすい,痛くない"
洗えるCOULEUR VARIE() 刺繍レースアップショートブーツ｜ブーツ /セール・軽量・幅広 クロールバリエ,https://www.bath-ec.com/pinterest/img/278283.jpg,洗えるブーツ,,洗えるCOULEUR VARIE() 刺繍レースアップショートブーツ。ブーツ /セール・軽量・幅広・3E・甲高・歩きやすい・痛くない。 刺繍レースアップショートブーツ 汚れたら洗濯機で丸洗いできる、ウォッシャブルシューズ「COULEUR VARIE（クロールバリエ）」。 色ごとに異なるラッキーモチーフのワンポイント刺繍を施したショートブーツ。 ・内側のファスナー開閉で脱ぎ履きしやすい ・軽量設計のソールは屈曲性も高くスムーズな足運び。 ・取り外せるインソールでいつでも清潔、サイズの微調整も可能。,https://www.bath-ec.com/fs/bath/278283?utm_source=pinterest&utm_medium=social&utm_campaign=csv_vertical,2026-10-26T03:00:00,"ブーツ /セール,軽量,幅広,3E,洗える,甲高,歩きやすい,痛くない"
洗えるCOULEUR VARIE() ハイカットファートリムスニーカー｜セール・軽量・幅広 クロールバリエ,https://www.bath-ec.com/pinterest/img/278284.jpg,洗えるスニーカー,,洗えるCOULEUR VARIE() ハイカットファートリムスニーカー。セール・軽量・幅広・3E・甲高・歩きやすい・痛くない。 クロールバリエ ハイカットファートリムスニーカー 汚れたら洗濯機で丸洗いできる、ウォッシャブルシューズ「COULEUR VARIE（クロールバリエ）」。 履き口に贅沢にトリミングしたファーがポイント。 暖かさも可愛さも兼ね備えたシューズです。 ・中敷きも暖かなボア素材(フェイクファーは履き口部分のみ) ・締めつけにくく脱ぎ履きしやすいゴムレース ・内側ファスナー有り ・取り外せるインソールでいつでも清潔、サイズの微調整も可能。,https://www.bath-ec.com/fs/bath/278284?utm_source=pinterest&utm_medium=social&utm_campaign=csv_vertical,2026-10-26T11:00:00,"セール,軽量,幅広,3E,洗える,甲高,歩きやすい,痛くない"
洗えるCOULEUR VARIE() サイドファスナーショートブーツセール｜2E・軽量・幅広 クロールバリエ,https://www.bath-ec.com/pinterest/img/229281.jpg,洗えるブーツ,,洗えるCOULEUR VARIE() サイドファスナーショートブーツセール。2E・軽量・幅広・3E・甲高・歩きやすい・痛くない。 クロールバリエ サイドファスナーショートブーツ シンプルでどんなスタイルにも合わせやすいショートブーツ。 太めでフレアラインのヒールはトレンド感と安定感をプラス。 内側は蓄熱保温素材で暖かさも◎ ・太めのヒールで安定感のある履き心地 ・インナーは蓄熱保温素材サーモトロン ラジポカ®を使用。 ・サイドのファスナーで脱ぎ履きしやすい。,https://www.bath-ec.com/fs/bath/229281?utm_source=pinterest&utm_medium=social&utm_campaign=csv_vertical,2026-10-27T03:00:00,"2E,軽量,幅広,3E,洗える,甲高,歩きやすい,痛くない"
洗える筒幅ゆったりでブーツインもしやすい ステッチブーツ｜軽量・幅広・3E クロールバリエ,https://www.bath-ec.com/pinterest/img/274282.jpg,洗えるブーツ,,洗える筒幅ゆったりでブーツインもしやすい ステッチブーツ。軽量・幅広・3E・甲高・歩きやすい・痛くない。 クロールバリエ 軽量ステッチブーツ 汚れたら洗濯機で丸洗いできる、ウォッシャブルシューズ「COULEUR VARIE（クロールバリエ）」。 ブーツインもしやすい筒幅ゆったりのミドル丈の軽量ブーツ。 履き口周りのステッチがアクセント。 ・筒周りにウレタンクッションを挟むことで、ふわっとした柔らかな履き心地。また、柔らかな筒でも脱いで倒れにくい仕様。 ・足裏を支える中足骨パッド入りで疲れにくい,https://www.bath-ec.com/fs/bath/274282?utm_source=pinterest&utm_medium=social&utm_campaign=csv_vertical,2026-10-27T11:00:00,"軽量,幅広,3E,洗える,甲高,歩きやすい,痛くない"
洗えるCOULEUR VARIE()付属リボンとブーツ丈をアレンジできる・インナーはつま先まで暖かなフェイクファー素材 3wayリボンショートブーツ｜セール・軽量・幅広 クロールバリエ,https://www.bath-ec.com/pinterest/img/274283.jpg,洗えるブーツ,,洗えるCOULEUR VARIE()付属リボンとブーツ丈をアレンジできる・インナーはつま先まで暖かなフェイクファー素材 3wayリボンショートブーツ。セール・軽量・幅広・3E・甲高・歩きやすい・痛くない。 クロールバリエ 3wayリボンショートブーツ 汚れたら洗濯機で丸洗いできる、ウォッシャブルシューズ「COULEUR VARIE（クロールバリエ）」。 折り返してアンクル丈に、伸ばしてショート丈、付属のリボンベルトを付けてキュートに。 アレンジ自在の3wayブーツ。 ・つま先まで暖かなファー素材のインナー仕様 （足裏部分はさらりとしたメッシュ材です） ・足裏を支える中足骨パッド入りで疲れにくい,https://www.bath-ec.com/fs/bath/274283?utm_source=pinterest&utm_medium=social&utm_campaign=csv_vertical,2026-10-28T03:00:00,"セール,軽量,幅広,3E,洗える,甲高,歩きやすい,痛くない"
洗えるCOULEUR VARIE() ファー ショートブーツ｜セール・軽量・幅広 クロールバリエ,https://www.bath-ec.com/pinterest/img/274285.jpg,洗えるブーツ,,洗えるCOULEUR VARIE() ファー ショートブーツ。セール・軽量・幅広・3E・甲高・歩きやすい・痛くない。 クロールバリエ 軽量 ファー ショートブーツ 汚れたら洗濯機で丸洗いできる、ウォッシャブルシューズ「COULEUR VARIE（クロールバリエ）」。 改良を重ねて進化した、毎年人気のクロールバリエの定番ショートブーツ。 ・両サイドのダブルファスナーで脱ぎ履きしやすい ・つま先まで暖かなファー素材のインナー仕様 （足裏部分はさらりとしたメッシュ材です） ・足裏を支える中足骨パッド入りで疲れにくい 無題ドキュメント,https://www.bath-ec.com/fs/bath/274285?utm_source=pinterest&utm_medium=social&utm_campaign=csv_vertical,2026-10-28T11:00:00,"セール,軽量,幅広,3E,洗える,甲高,歩きやすい,痛くない"
洗えるCOULEUR VARIE()筒幅ゆったり。折り返しても履ける2WAYタイプファー付きロングブーツ｜ブーツ /セール・軽量・幅広 クロールバリエ,https://www.bath-ec.com/pinterest/img/274284.jpg,洗えるブーツ,,洗えるCOULEUR VARIE()筒幅ゆったり。折り返しても履ける2WAYタイプファー付きロングブーツ。ブーツ /セール・軽量・幅広・3E・甲高・歩きやすい・痛くない。 クロールバリエ 軽量ファー付きロングブーツ 汚れたら洗濯機で丸洗いできる、ウォッシャブルシューズ「COULEUR VARIE（クロールバリエ）」。 筒幅ゆったりでインナーが暖かなファー素材の軽量ロングブーツ。 折り返しても履ける2WAYタイプ。 ・暖かなファー素材のインナー仕様(筒部分のみ) （足裏部分はさらりとしたメッシュ材です） ・足裏を支える中足骨パッド入りで疲れにくい,https://www.bath-ec.com/fs/bath/274284?utm_source=pinterest&utm_medium=social&utm_campaign=csv_vertical,2026-10-29T03:00:00,"ブーツ /セール,軽量,幅広,3E,洗える,甲高,歩きやすい,痛くない"
洗えるCOULEUR VARIE() ボア付きモカシンブーツ｜ブーツ /セール・軽量・幅広 クロールバリエ,https://www.bath-ec.com/pinterest/img/278285.jpg,洗えるモカシン,,洗えるCOULEUR VARIE() ボア付きモカシンブーツ。ブーツ /セール・軽量・幅広・3E・甲高・歩きやすい・痛くない。 クロールバリエ ボア付きモカシンブーツ 汚れたら洗濯機で丸洗いできる、ウォッシャブルシューズ「COULEUR VARIE（クロールバリエ）」。 履き口を折り返して2wayで履ける、 足馴染みの良いモカシンブーツ。つま先まで暖かな内側ボアタイプ。(中敷きは抗菌・防臭メッシュ素材) ・手縫いのモカステッチが足に馴染みやすい。 ・中敷きは蒸れにくく、乾きやすい抗菌・防臭メッシュ素材 ・取り外せるインソールでいつでも清潔、サイズの微調整も可能。,https://www.bath-ec.com/fs/bath/278285?utm_source=pinterest&utm_medium=social&utm_campaign=csv_vertical,2026-10-29T11:00:00,"ブーツ /セール,軽量,幅広,3E,洗える,甲高,歩きやすい,痛くない"
洗えるCOULEUR VARIE() 刺繍ハイカットスニーカー｜軽量・幅広・3E クロールバリエ,https://www.bath-ec.com/pinterest/img/278286.jpg,洗えるスニーカー,,洗えるCOULEUR VARIE() 刺繍ハイカットスニーカー。軽量・幅広・3E・甲高・歩きやすい・痛くない。 クロールバリエ 刺繍ハイカットスニーカー 汚れたら洗濯機で丸洗いできる、ウォッシャブルシューズ「COULEUR VARIE（クロールバリエ）」。 ゴム紐を使用した着脱しやすいレースアップスニーカーは、甲や足首がゴムの伸縮性で圧迫感のない楽な履き心地。 デザインのポイントとなるボタニカル刺繍が秋冬コーデに程良いアクセントとなり、履き心地はスニーカー、 見た目はショートブーツ感覚でお洒落なコーディネートを叶えます。 ・インヒール×厚みのある底で美脚効果 ・締めつけにくく脱ぎ履きしやすいゴムレース ・取り外せるインソールでいつでも清潔、サイズの微調整も可能 ・内側ファスナー有り ※洗濯の際は靴ひもを本体から外して単独でお洗いください。,https://www.bath-ec.com/fs/bath/278286?utm_source=pinterest&utm_medium=social&utm_campaign=csv_vertical,2026-10-30T03:00:00,"軽量,幅広,3E,洗える,甲高,歩きやすい,痛くない"
クロス ゴム パンプス/セール｜軽量 クロールバリエ,https://www.bath-ec.com/pinterest/img/174280sale1.jpg,洗えるパンプス,,クロス ゴム パンプス/セール。軽量。 クロールバリエ 軽量 クロスゴムパンプス 汚れたら洗濯機で丸洗いできる、ウォッシャブルシューズ「COULEUR VARIE（クロールバリエ）」。 クロスデザインのゴムが足を美しく見せ、フィット感もアップ。 足裏はアーチサポートクッション入りで軽やかで快適なパンプス。 ・取り外せるメッシュ素材のカップインソール。足裏に合う形状で疲れを軽減 ・抗菌防臭機能 気になる足のにおいを防ぐ ・軽量底:軽さが魅力の人気シリーズ ・3E ゆったりした履き心地 ・踵まわりに靴擦れ防止クッション,https://www.bath-ec.com/fs/bath/174280sale1?utm_source=pinterest&utm_medium=social&utm_campaign=csv_vertical,2026-10-30T11:00:00,軽量
COULEUR VARIE() スクエアトゥ バレエパンプス｜セール・幅広・軽い クロールバリエ,https://www.bath-ec.com/pinterest/img/944201sale2.jpg,洗えるパンプス,,COULEUR VARIE() スクエアトゥ バレエパンプス。セール・幅広・軽い。 クロールバリエ スクエアトゥ バレエシューズ パンプス 汚れたら洗濯機で丸洗いできる、ウォッシャブルシューズ「COULEUR VARIE（クロールバリエ）」。 直営店・百貨店でも人気の定番ロングセラー、スクエアトゥバレエシューズのハイグレードモデルです。 生地には軽くて通気性が良く、色あせにくい東レ人工皮革スエードを使用しています。 中敷全体に入った約3mmの高反発クッションと さらに、中心からかかとにかけて約5mmのアーチ付クッションを重ね 2層のクッションが足の負担を和らげてくれます。 また、ライニングには抗菌・制菌・防臭・吸湿・速乾作用のある、さらりとしたメッシュ素材を。 中敷きの一部にも、抗菌・防臭・透湿性に優れた人工皮革を採用しています。 足に負担をかけない約2cmのローヒール。 返りが良く、グリップ力のあるソールで地面をしっかり蹴り出すことができます。 フェミニンなフロントリボン、スクエアトゥの大人デザインで 季節を問わずオールシーズンご愛用頂けます。 ※靴の機能上、インソールと内側面の間は,https://www.bath-ec.com/fs/bath/944201sale2?utm_source=pinterest&utm_medium=social&utm_campaign=csv_vertical,2026-10-31T03:00:00,"セール,幅広,軽い"
スクエアトウ　オペラパンプス｜セール・幅広 クロールバリエ,https://www.bath-ec.com/pinterest/img/344230.jpg,洗えるパンプス,,スクエアトウ　オペラパンプス。セール・幅広。 クロールバリエ スクエアトウ オペラパンプス 汚れたら洗濯機で丸洗いできる、ウォッシャブルシューズ「COULEUR VARIE（クロールバリエ）」。 さっと履けて使い勝手のよいオペラシューズデザインに春らしく遊び心のある蝶々のアップリケをあしらいました。高反発クッションを採用したインソールは履き心地も抜群です。 ●3E ●アーチクッション ●抗菌防臭機能,https://www.bath-ec.com/fs/bath/344230?utm_source=pinterest&utm_medium=social&utm_campaign=csv_vertical,2026-10-31T11:00:00,"セール,幅広"
スタッズ付き カットワーク スニーカー/セール｜幅広 クロールバリエ,https://www.bath-ec.com/pinterest/img/378230.jpg,洗えるスニーカー,,スタッズ付き カットワーク スニーカー/セール。幅広。 クロールバリエ スタッズ付き カットワーク スニーカー 汚れたら洗濯機で丸洗いできる、ウォッシャブルシューズ「COULEUR VARIE（クロールバリエ）」。 カットワーク加工にチュール素材を重ねた透け感が春夏らしい爽やなスニーカー。 控えめに煌めくスタッズ使いもアクセント。 ゴム紐仕様で着脱しやすく、足あたりソフトな履き心地です。 ●軽量 ●3E ゆったりした履き心地 ●取り外せるインソールでいつでも清潔、サイズの微調整も可能 ●抗菌防臭機能 気になる足のにおいを防ぐ,https://www.bath-ec.com/fs/bath/378230?utm_source=pinterest&utm_medium=social&utm_campaign=csv_vertical,2026-11-01T03:00:00,幅広
ソフトリボンモカシン/セール｜幅広 クロールバリエ,https://www.bath-ec.com/pinterest/img/378233.jpg,洗えるモカシン,,ソフトリボンモカシン/セール。幅広。 クロールバリエ ソフトリボンモカシン 汚れたら洗濯機で丸洗いできる、ウォッシャブルシューズ「COULEUR VARIE（クロールバリエ）」。 柔らかくフィット感が心地よいモカシンは、甲浅の履き口と幅広リボンですっきり華奢みせ効果も。 フラットソールで歩きやすく、普段使いにぴったりの1足。 ●3E ゆったりした履き心地 ●取り外せるインソールでいつでも清潔、サイズの微調整も可能 ●抗菌防臭機能 気になる足のにおいを防ぐ,https://www.bath-ec.com/fs/bath/378233?utm_source=pinterest&utm_medium=social&utm_campaign=csv_vertical,2026-11-01T11:00:00,幅広
ベルクロストラップ　スニーカー｜幅広 クロールバリエ,https://www.bath-ec.com/pinterest/img/335201.jpg,洗えるスニーカー,,ベルクロストラップ　スニーカー。幅広。 クロールバリエ ベルクロストラップ スニーカー 汚れたら洗濯機で丸洗いできる、ウォッシャブルシューズ「COULEUR VARIE（クロールバリエ）」。 ベルクロタイプのストラップデザインスニーカーは浅めの履き口でですっきりとした印象だから、 スポーティーになり過ぎずスカートなどのキレイめスタイルにもスタイリングしやすい。 面テープ留めのストラップは着脱しやすく安定感も◎ ・軽量 ・3E ゆったりした履き心地 ・取り外せるインソールでいつでも清潔、サイズの微調整も可能 ・抗菌防臭機能 気になる足のにおいを防ぐ,https://www.bath-ec.com/fs/bath/335201?utm_source=pinterest&utm_medium=social&utm_campaign=csv_vertical,2026-11-02T03:00:00,幅広
パールリボン バックベルト パンプス/セール｜幅広 クロールバリエ,https://www.bath-ec.com/pinterest/img/344232.jpg,洗えるパンプス,,パールリボン バックベルト パンプス/セール。幅広。 クロールバリエ パールリボン バックベルト パンプス 汚れたら洗濯機で丸洗いできる、ウォッシャブルシューズ「COULEUR VARIE（クロールバリエ）」。 クラシカルなスクエアトゥのバックベルトパンプスはギャザーを寄せたリボンとパール調のモチーフがアクセント。 ゴム付きのバックベルトでさっと履けて、上品な印象なのにローヒールだから楽に履けるのも嬉しいポイント。 タイツやソックスに合わせても楽しめる1足です。 ・3E ゆったりした履き心地 ・抗菌防臭機能 気になる足のにおいを防ぐ,https://www.bath-ec.com/fs/bath/344232?utm_source=pinterest&utm_medium=social&utm_campaign=csv_vertical,2026-11-02T11:00:00,幅広
